,0,1,2,3,4,5,6,7,8,9,10,11,12,13,14,15
0,1,30.83,0.0,1,0,12,7,1.25,1,1,1,0,0,202,0,0
1,0,58.67,4.46,1,0,10,3,3.04,1,1,6,0,0,43,560,0
2,0,24.5,0.5,1,0,10,3,1.5,1,0,0,0,0,280,824,0
3,1,27.83,1.54,1,0,12,7,3.75,1,1,5,1,0,100,3,0
4,1,20.17,5.625,1,0,12,7,1.71,1,0,0,0,2,120,0,0
5,1,32.08,4.0,1,0,9,7,2.5,1,0,0,1,0,360,0,0
6,1,33.17,1.04,1,0,11,3,6.5,1,0,0,1,0,164,31285,0
7,0,22.92,11.585,1,0,2,7,0.04,1,0,0,0,0,80,1349,0
8,1,54.42,0.5,2,2,8,3,3.96,1,0,0,0,0,180,314,0
9,1,42.5,4.915,2,2,12,7,3.165,1,0,0,1,0,52,1442,0
10,1,22.08,0.83,1,0,1,3,2.165,0,0,0,1,0,128,0,0
11,1,29.92,1.835,1,0,1,3,4.335,1,0,0,0,0,260,200,0
12,0,38.25,6.0,1,0,8,7,1.0,1,0,0,1,0,0,0,0
13,1,48.08,6.04,1,0,8,7,0.04,0,0,0,0,0,0,2690,0
14,0,45.83,10.5,1,0,10,7,5.0,1,1,7,1,0,0,0,0
15,1,36.67,4.415,2,2,8,7,0.25,1,1,10,1,0,320,0,0
16,1,28.25,0.875,1,0,9,7,0.96,1,1,3,1,0,396,0,0
17,0,23.25,5.875,1,0,10,7,3.17,1,1,10,0,0,120,245,0
18,1,21.83,0.25,1,0,3,3,0.665,1,0,0,1,0,0,0,0
19,0,19.17,8.585,1,0,2,3,0.75,1,1,7,0,0,96,0,0
20,1,25.0,11.25,1,0,1,7,2.5,1,1,17,0,0,200,1208,0
21,1,23.25,1.0,1,0,1,7,0.835,1,0,0,0,2,300,0,0
22,0,47.75,8.0,1,0,1,7,7.875,1,1,6,1,0,0,1260,0
23,0,27.42,14.5,1,0,13,3,3.085,1,1,1,0,0,120,11,0
24,0,41.17,6.5,1,0,10,7,0.5,1,1,3,1,0,145,0,0
25,0,15.83,0.585,1,0,1,3,1.5,1,1,2,0,0,100,0,0
26,0,47.0,13.0,1,0,6,0,5.165,1,1,9,1,0,0,0,0
27,1,56.58,18.5,1,0,3,0,15.0,1,1,17,1,0,0,0,0
28,1,57.42,8.5,1,0,4,3,7.0,1,1,3,0,0,0,0,0
29,1,42.08,1.04,1,0,12,7,5.0,1,1,6,1,0,500,10000,0
30,1,29.25,14.79,1,0,0,7,5.04,1,1,5,1,0,168,0,0
31,1,42.0,9.79,1,0,13,3,7.96,1,1,8,0,0,0,0,0
32,1,49.5,7.585,1,0,6,0,7.585,1,1,15,1,0,0,5000,0
33,0,36.75,5.125,1,0,4,7,5.0,1,0,0,1,0,0,4000,0
34,0,22.58,10.75,1,0,10,7,0.415,1,1,5,1,0,0,560,0
35,1,27.83,1.5,1,0,12,7,2.0,1,1,11,1,0,434,35,0
36,1,27.25,1.585,1,0,2,3,1.835,1,1,12,1,0,583,713,0
37,0,23.0,11.75,1,0,13,3,0.5,1,1,2,1,0,300,551,0
38,1,27.75,0.585,2,2,2,7,0.25,1,1,2,0,0,260,500,0
39,1,54.58,9.415,1,0,5,2,14.415,1,1,11,1,0,30,300,0
40,1,34.17,9.17,1,0,1,7,4.5,1,1,12,1,0,0,221,0
41,1,28.92,15.0,1,0,1,3,5.335,1,1,11,0,0,0,2283,0
42,1,29.67,1.415,1,0,12,3,0.75,1,1,1,0,0,240,100,0
43,1,39.58,13.915,1,0,12,7,8.625,1,1,6,1,0,70,0,0
44,1,56.42,28.0,2,2,1,7,28.5,1,1,40,0,0,0,15,0
45,1,54.33,6.75,1,0,1,3,2.625,1,1,11,1,0,0,284,0
46,0,41.0,2.04,2,2,10,3,0.125,1,1,23,1,0,455,1236,0
47,1,31.92,4.46,1,0,2,3,6.04,1,1,3,0,0,311,300,0
48,1,41.5,1.54,1,0,6,0,3.5,0,0,0,0,0,216,0,0
49,1,23.92,0.665,1,0,1,7,0.165,0,0,0,0,0,100,0,0
50,0,25.75,0.5,1,0,1,3,0.875,1,0,0,1,0,491,0,0
51,1,26.0,1.0,1,0,10,7,1.75,1,0,0,1,0,280,0,0
52,1,37.42,2.04,1,0,12,7,0.04,1,0,0,1,0,400,5800,0
53,1,34.92,2.5,1,0,12,7,0.0,1,0,0,1,0,239,200,0
54,1,34.25,3.0,1,0,2,3,7.415,1,0,0,1,0,0,0,0
55,1,23.33,11.625,2,2,12,7,0.835,1,0,0,1,0,160,300,0
56,1,23.17,0.0,1,0,2,7,0.085,1,0,0,0,0,0,0,0
57,1,44.33,0.5,1,0,6,3,5.0,1,0,0,1,0,320,0,0
58,1,35.17,4.5,1,0,13,3,5.75,0,0,0,1,2,711,0,0
59,1,43.25,3.0,1,0,10,3,6.0,1,1,11,0,0,80,0,0
60,1,56.75,12.25,1,0,9,7,1.25,1,1,4,1,0,200,0,0
61,1,31.67,16.165,1,0,3,7,3.0,1,1,9,0,0,250,730,0
62,0,23.42,0.79,2,2,10,7,1.5,1,1,2,1,0,80,400,0
63,0,20.42,0.835,1,0,10,7,1.585,1,1,1,0,0,0,0,0
64,1,26.67,4.25,1,0,2,7,4.29,1,1,1,1,0,120,0,0
65,1,34.17,1.54,1,0,2,7,1.54,1,1,1,1,0,520,50000,0
66,0,36.0,1.0,1,0,1,7,2.0,1,1,11,0,0,0,456,0
67,1,25.5,0.375,1,0,9,7,0.25,1,1,3,0,0,260,15108,0
68,1,19.42,6.5,1,0,12,3,1.46,1,1,7,0,0,80,2954,0
69,1,35.17,25.125,1,0,13,3,1.625,1,1,1,1,0,515,500,0
70,1,32.33,7.5,1,0,4,0,1.585,1,0,0,1,2,420,0,1
71,1,34.83,4.0,1,0,3,0,12.5,1,0,0,1,0,0,0,1
72,0,38.58,5.0,1,0,2,7,13.5,1,0,0,1,0,980,0,1
73,1,44.25,0.5,1,0,9,7,10.75,1,0,0,0,2,400,0,1
74,1,44.83,7.0,2,2,1,7,1.625,0,0,0,0,0,160,2,1
75,1,20.67,5.29,1,0,10,7,0.375,1,1,1,0,0,160,0,1
76,1,34.08,6.5,1,0,0,7,0.125,1,0,0,1,0,443,0,1
77,0,19.17,0.585,2,2,0,7,0.585,1,0,0,1,0,160,0,1
78,1,21.67,1.165,2,2,8,7,2.5,1,1,1,0,0,180,20,1
79,1,21.5,9.75,1,0,1,7,0.25,1,0,0,0,0,140,0,1
80,1,49.58,19.0,1,0,5,2,0.0,1,1,1,0,0,94,0,1
81,0,27.67,1.5,1,0,9,7,2.0,1,0,0,0,2,368,0,1
82,1,39.83,0.5,1,0,9,7,0.25,1,0,0,0,2,288,0,1
83,0,22.67,3.5,1,0,3,7,3.0,1,0,0,1,0,300,0,1
84,1,27.25,0.625,1,0,0,7,0.455,1,0,0,1,0,200,0,1
85,1,37.17,4.0,1,0,1,0,5.0,1,0,0,1,2,280,0,1
86,1,22.67,0.375,1,0,3,7,0.875,1,0,0,1,2,928,0,1
87,1,25.67,2.21,2,2,0,7,4.0,1,0,0,0,0,188,0,1
88,1,34.0,4.5,1,0,0,7,1.0,1,0,0,1,0,240,0,1
89,0,49.0,1.5,1,0,7,4,0.0,1,0,0,1,0,100,27,1
90,1,62.5,12.75,2,2,1,3,5.0,1,0,0,0,0,112,0,1
91,1,31.42,15.5,1,0,1,7,0.5,1,0,0,0,0,120,0,1
92,1,22.67,5.0,2,2,0,7,8.5,1,0,0,0,0,0,0,1
93,1,52.33,1.375,2,2,1,3,9.46,1,0,0,1,0,200,100,1
94,1,28.75,1.5,2,2,1,7,1.5,1,0,0,1,0,0,225,1
95,0,28.58,3.54,1,0,6,0,0.5,1,0,0,1,0,171,0,1
96,1,23.0,0.625,2,2,0,7,0.125,1,0,0,0,0,180,1,1
97,1,22.67,0.5,1,0,1,0,0.835,1,0,0,1,2,320,0,1
98,0,22.5,11.0,2,2,10,7,3.0,1,0,0,1,0,268,0,1
99,0,28.5,1.0,1,0,10,7,1.0,1,1,2,1,0,167,500,1
100,1,37.5,1.75,2,2,1,0,0.25,1,0,0,1,0,164,400,1
101,1,35.25,16.5,2,2,1,7,4.0,1,0,0,0,0,80,0,1
102,1,18.67,5.0,1,0,10,7,0.375,1,1,2,0,0,0,38,1
103,1,25.0,12.0,1,0,8,7,2.25,1,1,2,1,0,120,5,1
104,1,27.83,4.0,2,2,6,3,5.75,1,1,2,1,0,75,0,1
105,1,54.83,15.5,1,0,4,8,0.0,1,1,20,0,0,152,130,1
106,1,28.75,1.165,1,0,8,7,0.5,1,0,0,0,2,280,0,1
107,0,25.0,11.0,2,2,0,7,4.5,1,0,0,0,0,120,0,1
108,1,40.92,2.25,2,2,13,3,10.0,1,0,0,1,0,176,0,1
109,0,19.75,0.75,1,0,1,7,0.795,1,1,5,1,0,140,5,1
110,1,29.17,3.5,1,0,12,7,3.5,1,1,3,1,0,329,0,1
111,0,24.5,1.04,2,2,5,2,0.5,1,1,3,0,0,180,147,1
112,1,24.58,12.5,1,0,12,7,0.875,1,0,0,1,0,260,0,1
113,0,33.75,0.75,1,0,8,0,1.0,1,1,3,1,0,212,0,1
114,1,20.67,1.25,2,2,1,3,1.375,1,1,3,1,0,140,210,1
115,0,25.42,1.125,1,0,10,7,1.29,1,1,2,0,0,200,0,1
116,1,37.75,7.0,1,0,10,3,11.5,1,1,7,1,0,300,5,1
117,1,52.5,6.5,1,0,8,7,6.29,1,1,15,0,0,0,11202,0
118,1,57.83,7.04,1,0,9,7,14.0,1,1,6,1,0,360,1332,0
119,0,20.75,10.335,1,0,2,3,0.335,1,1,1,1,0,80,50,0
120,1,39.92,6.21,1,0,10,7,0.04,1,1,1,0,0,200,300,0
121,1,25.67,12.5,1,0,2,7,1.21,1,1,67,1,0,140,258,0
122,0,24.75,12.5,1,0,0,7,1.5,1,1,12,1,0,120,567,0
123,0,44.17,6.665,1,0,10,7,7.375,1,1,3,1,0,0,0,0
124,0,23.5,9.0,1,0,10,7,8.5,1,1,5,1,0,120,0,0
125,1,34.92,5.0,1,0,13,3,7.5,1,1,6,1,0,0,1000,0
126,1,47.67,2.5,1,0,9,0,2.5,1,1,12,1,0,410,2510,0
127,1,22.75,11.0,1,0,10,7,2.5,1,1,7,1,0,100,809,0
128,1,34.42,4.25,1,0,6,0,3.25,1,1,2,0,0,274,610,0
129,0,28.42,3.5,1,0,12,7,0.835,1,0,0,0,2,280,0,0
130,1,67.75,5.5,1,0,4,8,13.0,1,1,1,1,0,0,0,0
131,1,20.42,1.835,1,0,1,7,2.25,1,1,1,0,0,100,150,0
132,0,47.42,8.0,1,0,4,0,6.5,1,1,6,0,0,375,51100,0
133,1,36.25,5.0,1,0,1,0,2.5,1,1,6,0,0,0,367,0
134,1,32.67,5.5,1,0,10,3,5.5,1,1,12,1,0,408,1000,0
135,1,48.58,6.5,1,0,10,3,6.0,1,0,0,1,0,350,0,0
136,1,39.92,0.54,2,2,0,7,0.5,1,1,3,0,0,200,1000,0
137,1,33.58,2.75,1,0,9,7,4.25,1,1,6,0,0,204,0,0
138,0,18.83,9.5,1,0,12,7,1.625,1,1,6,1,0,40,600,0
139,0,26.92,13.5,1,0,10,3,5.0,1,1,2,0,0,0,5000,0
140,0,31.25,3.75,1,0,2,3,0.625,1,1,9,1,0,181,0,0
141,0,56.5,16.0,1,0,7,2,0.0,1,1,15,0,0,0,247,0
142,1,43.0,0.29,2,2,2,3,1.75,1,1,8,0,0,100,375,0
143,1,22.33,11.0,1,0,12,7,2.0,1,1,1,0,0,80,278,0
144,1,27.25,1.665,1,0,2,3,5.085,1,1,9,0,0,399,827,0
145,1,32.83,2.5,1,0,2,3,2.75,1,1,6,0,0,160,2072,0
146,1,23.25,1.5,1,0,10,7,2.375,1,1,3,1,0,0,582,0
147,0,40.33,7.54,2,2,10,3,8.0,1,1,14,0,0,0,2300,0
148,0,30.5,6.5,1,0,1,0,4.0,1,1,7,1,0,0,3065,0
149,0,52.83,15.0,1,0,1,7,5.5,1,1,14,0,0,0,2200,0
150,0,46.67,0.46,1,0,2,3,0.415,1,1,11,1,0,440,6,0
151,0,58.33,10.0,1,0,10,7,4.0,1,1,14,0,0,0,1602,0
152,1,37.33,6.5,1,0,9,3,4.25,1,1,12,1,0,93,0,0
153,1,23.08,2.5,1,0,1,7,1.085,1,1,11,1,0,60,2184,0
154,1,32.75,1.5,1,0,2,3,5.5,1,1,3,1,0,0,0,0
155,0,21.67,11.5,2,2,7,4,0.0,1,1,11,1,0,0,0,0
156,0,28.5,3.04,2,2,13,3,2.54,1,1,1,0,0,70,0,0
157,0,68.67,15.0,1,0,4,8,0.0,1,1,14,0,0,0,3376,0
158,1,28.0,2.0,1,0,8,3,4.165,1,1,2,1,0,181,0,0
159,1,34.08,0.08,2,2,9,0,0.04,1,1,1,1,0,280,2000,0
160,1,27.67,2.0,1,0,13,3,1.0,1,1,4,0,0,140,7544,0
161,1,44.0,2.0,1,0,9,7,1.75,1,1,2,1,0,0,15,0
162,1,25.08,1.71,1,0,13,7,1.665,1,1,1,1,0,395,20,0
163,1,32.0,1.75,2,2,4,3,0.04,1,0,0,1,0,393,0,0
164,0,60.58,16.5,1,0,10,7,11.0,1,0,0,1,0,21,10561,0
165,0,40.83,10.0,1,0,10,3,1.75,1,0,0,0,0,29,837,0
166,1,19.33,9.5,1,0,10,7,1.0,1,0,0,1,0,60,400,0
167,0,32.33,0.54,1,0,2,7,0.04,1,0,0,0,0,440,11177,0
168,1,36.67,3.25,1,0,10,3,9.0,1,0,0,1,0,102,639,0
169,1,37.5,1.125,2,2,3,7,1.5,0,0,0,1,0,431,0,0
170,0,25.08,2.54,2,2,0,7,0.25,1,0,0,1,0,370,0,0
171,1,41.33,0.0,1,0,1,0,15.0,1,0,0,0,0,0,0,0
172,1,56.0,12.5,1,0,8,3,8.0,1,0,0,1,0,24,2028,0
173,0,49.83,13.585,1,0,8,3,8.5,1,0,0,1,0,0,0,0
174,1,22.67,10.5,1,0,10,3,1.335,1,0,0,0,0,100,0,0
175,1,27.0,1.5,2,2,12,7,0.375,1,0,0,1,0,260,1065,0
176,1,25.0,12.5,1,0,0,7,3.0,1,0,0,1,2,20,0,0
177,0,26.08,8.665,1,0,0,7,1.415,1,0,0,0,0,160,150,0
178,0,18.42,9.25,1,0,10,7,1.21,1,1,4,0,0,60,540,0
179,1,20.17,8.17,1,0,0,7,1.96,1,1,14,0,0,60,158,0
180,1,47.67,0.29,1,0,1,0,15.0,1,1,20,0,0,0,15000,0
181,0,21.25,2.335,1,0,6,0,0.5,1,1,4,0,2,80,0,0
182,0,20.67,3.0,1,0,10,7,0.165,1,1,3,0,0,100,6,0
183,0,57.08,19.5,1,0,1,7,5.5,1,1,7,0,0,0,3000,0
184,0,22.42,5.665,1,0,10,7,2.585,1,1,7,0,0,129,3257,0
185,1,48.75,8.5,1,0,1,3,12.5,1,1,9,0,0,181,1655,0
186,1,40.0,6.5,1,0,0,0,3.5,1,1,1,0,0,0,500,0
187,1,40.58,5.0,1,0,1,7,5.0,1,1,7,0,0,0,3065,0
188,0,28.67,1.04,1,0,1,7,2.5,1,1,5,1,0,300,1430,0
189,0,33.08,4.625,1,0,10,3,1.625,1,1,2,0,0,0,0,0
190,1,21.33,10.5,1,0,1,7,3.0,1,0,0,1,0,0,0,0
191,1,42.0,0.205,1,0,6,3,5.125,1,0,0,0,0,400,0,0
192,1,41.75,0.96,1,0,13,7,2.5,1,0,0,0,0,510,600,0
193,1,22.67,1.585,2,2,12,7,3.085,1,1,6,0,0,80,0,0
194,1,34.5,4.04,2,2,6,0,8.5,1,1,7,1,0,195,0,0
195,1,28.25,5.04,2,2,1,0,1.5,1,1,8,1,0,144,7,0
196,1,33.17,3.165,2,2,13,7,3.165,1,1,3,1,0,380,0,0
197,1,48.17,7.625,1,0,12,3,15.5,1,1,12,0,0,0,790,0
198,1,27.58,2.04,2,2,0,7,2.0,1,1,3,1,0,370,560,0
199,1,22.58,10.04,1,0,13,7,0.04,1,1,9,0,0,60,396,0
200,0,24.08,0.5,1,0,10,3,1.25,1,1,1,0,0,0,678,0
201,0,41.33,1.0,1,0,6,0,2.25,1,0,0,1,0,0,300,0
202,1,24.83,2.75,1,0,1,7,2.25,1,1,6,0,0,0,600,0
203,0,20.75,10.25,1,0,10,7,0.71,1,1,2,1,0,49,0,0
204,1,36.33,2.125,2,2,12,7,0.085,1,1,1,0,0,50,1187,0
205,0,35.42,12.0,1,0,10,3,14.0,1,1,8,0,0,0,6590,0
207,1,28.67,9.335,1,0,10,3,5.665,1,1,6,0,0,381,168,0
208,1,35.17,2.5,1,0,8,7,4.5,1,1,7,0,0,150,1270,0
209,1,39.5,4.25,1,0,1,0,6.5,1,1,16,0,0,117,1210,0
210,1,39.33,5.875,1,0,2,3,10.0,1,1,14,1,0,399,0,0
211,1,24.33,6.625,2,2,3,7,5.5,1,0,0,1,2,100,0,0
212,1,60.08,14.5,1,0,5,2,18.0,1,1,15,1,0,0,1000,0
213,1,23.08,11.5,1,0,6,7,3.5,1,1,9,0,0,56,742,0
214,1,26.67,2.71,2,2,2,7,5.25,1,1,1,0,0,211,0,0
215,1,48.17,3.5,1,0,0,7,3.5,1,0,0,0,2,230,0,0
216,1,41.17,4.04,1,0,2,3,7.0,1,1,8,0,0,320,0,0
217,1,55.92,11.5,1,0,5,2,5.0,1,1,5,0,0,0,8851,0
218,1,53.92,9.625,1,0,4,7,8.665,1,1,5,0,0,0,0,0
219,0,18.92,9.25,2,2,1,7,1.0,1,1,4,1,0,80,500,0
220,0,50.08,12.54,1,0,0,7,2.29,1,1,3,1,0,156,0,0
221,1,65.42,11.0,1,0,4,8,20.0,1,1,7,1,0,22,0,0
222,0,17.58,9.0,1,0,0,7,1.375,1,0,0,1,0,0,0,0
223,0,18.83,9.54,1,0,0,7,0.085,1,0,0,0,0,100,0,0
224,0,37.75,5.5,1,0,10,7,0.125,1,0,0,1,0,228,0,0
225,1,23.25,4.0,1,0,1,0,0.25,1,0,0,1,0,160,0,0
226,1,18.08,5.5,1,0,8,7,0.5,1,0,0,0,0,80,0,0
227,0,22.5,8.46,2,2,13,7,2.46,0,0,0,0,0,164,0,0
228,1,19.67,0.375,1,0,10,7,2.0,1,1,2,1,0,80,0,0
229,1,22.08,11.0,1,0,2,7,0.665,1,0,0,0,0,100,0,0
230,1,25.17,3.5,1,0,2,7,0.625,1,1,7,0,0,0,7059,0
231,0,47.42,3.0,1,0,13,7,13.875,1,1,2,1,0,519,1704,0
232,1,33.5,1.75,1,0,13,3,4.5,1,1,4,1,0,253,857,0
233,1,27.67,13.75,1,0,12,7,5.75,1,0,0,1,0,487,500,0
234,0,58.42,21.0,1,0,6,0,10.0,1,1,13,0,0,0,6700,0
235,0,20.67,1.835,1,0,10,7,2.085,1,1,5,0,0,220,2503,0
236,1,26.17,0.25,1,0,6,0,0.0,1,0,0,1,0,0,0,0
237,1,21.33,7.5,1,0,0,7,1.415,1,1,1,0,0,80,9800,0
238,1,42.83,4.625,1,0,10,7,4.58,1,0,0,0,2,0,0,0
239,1,38.17,10.125,1,0,13,7,2.5,1,1,6,0,0,520,196,0
240,1,20.5,10.0,2,2,1,7,2.5,1,0,0,0,2,40,0,0
241,1,48.25,25.085,1,0,12,7,1.75,1,1,3,0,0,120,14,0
242,1,28.33,5.0,1,0,12,7,11.0,1,0,0,1,0,70,0,0
243,0,18.75,7.5,1,0,10,7,2.71,1,1,5,0,0,0,26726,0
244,1,18.5,2.0,1,0,6,7,1.5,1,1,2,0,0,120,300,0
245,1,33.17,3.04,2,2,1,3,2.04,1,1,1,1,0,180,18027,0
246,1,45.0,8.5,1,0,2,3,14.0,1,1,1,1,0,88,2000,0
247,0,19.67,0.21,1,0,10,3,0.29,1,1,11,0,0,80,99,0
248,1,24.5,12.75,1,0,1,0,4.75,1,1,2,0,0,73,444,0
249,1,21.83,11.0,1,0,13,7,0.29,1,1,6,0,0,121,0,0
250,1,40.25,21.5,1,0,4,8,20.0,1,1,11,0,0,0,1200,0
251,1,41.42,5.0,1,0,10,3,5.0,1,1,6,1,0,470,0,0
252,0,17.83,11.0,1,0,13,3,1.0,1,1,11,0,0,0,3000,0
253,1,23.17,11.125,1,0,13,3,0.46,1,1,1,0,0,100,0,0
254,1,22.67,0.625,1,0,8,7,0.25,0,0,0,0,0,380,2010,1
255,1,18.17,10.25,1,0,1,3,1.085,0,0,0,0,0,320,13,1
256,1,20.0,11.045,1,0,1,7,2.0,0,0,0,1,0,136,0,1
257,1,20.0,0.0,1,0,3,7,0.5,0,0,0,0,0,144,0,1
258,0,20.75,9.54,1,0,6,7,0.04,0,0,0,0,0,200,1000,1
259,0,24.5,1.75,2,2,1,7,0.165,0,0,0,0,0,132,0,1
260,1,32.75,2.335,1,0,3,3,5.75,0,0,0,1,0,292,0,1
261,0,52.17,0.0,2,2,5,2,0.0,0,0,0,0,0,0,0,1
262,0,48.17,1.335,1,0,6,6,0.335,0,0,0,0,0,0,120,1
263,0,20.42,10.5,2,2,13,3,0.0,0,0,0,1,0,154,32,1
264,1,50.75,0.585,1,0,5,2,0.0,0,0,0,0,0,145,0,1
265,1,17.08,0.085,2,2,1,7,0.04,0,0,0,0,0,140,722,1
266,1,18.33,1.21,2,2,4,1,0.0,0,0,0,0,0,100,0,1
267,0,32.0,6.0,1,0,3,7,1.25,0,0,0,0,0,272,0,1
268,1,59.67,1.54,1,0,10,7,0.125,1,0,0,1,0,260,0,0
269,1,18.0,0.165,1,0,10,5,0.21,0,0,0,0,0,200,40,0
271,1,32.33,2.5,1,0,1,7,1.25,0,0,0,1,0,280,0,1
272,1,18.08,6.75,2,2,9,7,0.04,0,0,0,0,0,140,0,1
273,1,38.25,10.125,2,2,8,7,0.125,0,0,0,0,0,160,0,1
274,1,30.67,2.5,1,0,2,3,2.25,0,0,0,1,2,340,0,1
275,1,18.58,5.71,1,0,3,7,0.54,0,0,0,0,0,120,0,1
276,0,19.17,5.415,1,0,6,3,0.29,0,0,0,0,0,80,484,1
277,0,18.17,10.0,2,2,10,3,0.165,0,0,0,0,0,340,0,1
278,1,24.58,13.5,2,2,5,2,0.0,0,0,0,0,0,0,0,1
279,1,16.25,0.835,1,0,9,7,0.085,1,0,0,0,2,200,0,1
280,1,21.17,0.875,2,2,1,3,0.25,0,0,0,0,0,280,204,1
281,1,23.92,0.585,2,2,2,3,0.125,0,0,0,0,0,240,1,1
282,1,17.67,4.46,1,0,1,7,0.25,0,0,0,0,2,80,0,1
283,0,16.5,1.25,1,0,10,7,0.25,0,1,1,0,0,108,98,1
284,1,23.25,12.625,1,0,1,7,0.125,0,1,2,0,0,0,5552,1
285,1,17.58,10.0,1,0,12,3,0.165,0,1,1,0,0,120,1,1
286,0,22.67,1.5,1,0,5,2,0.0,0,1,2,1,0,200,105,1
287,1,29.5,0.58,1,0,12,7,0.29,0,1,1,0,0,340,2803,1
288,1,18.83,0.415,2,2,1,7,0.165,0,1,1,0,0,200,1,1
289,0,21.75,1.75,2,2,7,4,0.0,0,0,0,0,0,160,0,1
290,1,23.0,0.75,1,0,9,7,0.5,0,0,0,1,2,320,0,1
291,0,18.25,10.0,1,0,12,7,1.0,0,1,1,0,0,120,1,1
292,1,25.42,0.54,1,0,12,7,0.165,0,1,1,0,0,272,444,1
293,1,35.75,2.415,1,0,12,7,0.125,0,1,2,0,0,220,1,1
294,0,16.08,0.335,1,0,5,2,0.0,0,1,1,0,0,160,126,1
295,0,31.92,3.125,1,0,5,2,3.04,0,1,2,1,0,200,4,1
296,1,69.17,9.0,1,0,5,2,4.0,0,1,1,0,0,70,6,1
297,1,32.92,2.5,1,0,0,7,1.75,0,1,2,1,0,720,0,1
298,1,16.33,2.75,1,0,0,7,0.665,0,1,1,0,0,80,21,1
299,1,22.17,12.125,1,0,1,7,3.335,0,1,2,1,0,180,173,1
300,0,57.58,2.0,1,0,5,2,6.5,0,1,1,0,0,0,10,1
301,1,18.25,0.165,1,0,3,7,0.25,0,0,0,1,2,280,0,1
302,1,23.42,1.0,1,0,1,7,0.5,0,0,0,1,2,280,0,1
303,0,15.92,2.875,1,0,10,7,0.085,0,0,0,0,0,120,0,1
304,0,24.75,13.665,1,0,10,3,1.5,0,0,0,0,0,280,1,1
305,1,48.75,26.335,2,2,5,2,0.0,1,0,0,1,0,0,0,1
306,1,23.5,2.75,1,0,5,2,4.5,0,0,0,0,0,160,25,1
307,1,18.58,10.29,1,0,5,2,0.415,0,0,0,0,0,80,0,1
308,1,27.75,1.29,1,0,8,3,0.25,0,0,0,1,2,140,0,1
309,0,31.75,3.0,2,2,7,4,0.0,0,0,0,0,0,160,20,1
310,0,24.83,4.5,1,0,12,7,1.0,0,0,0,1,0,360,6,1
311,1,19.0,1.75,2,2,1,7,2.335,0,0,0,1,0,112,6,1
312,0,16.33,0.21,1,0,0,7,0.125,0,0,0,0,0,200,1,1
313,0,18.58,10.0,1,0,3,7,0.415,0,0,0,0,0,80,42,1
314,1,16.25,0.0,2,2,0,7,0.25,0,0,0,0,0,60,0,1
315,1,23.0,0.75,1,0,9,7,0.5,1,0,0,1,2,320,0,1
316,1,21.17,0.25,2,2,1,3,0.25,0,0,0,0,0,280,204,1
317,1,17.5,22.0,0,1,5,6,0.0,0,0,0,1,1,450,100000,0
318,1,19.17,0.0,2,2,9,0,0.0,0,0,0,1,2,500,1,0
319,1,36.75,0.125,2,2,1,7,1.5,0,0,0,1,0,232,113,0
320,1,21.25,1.5,1,0,12,7,1.5,0,0,0,0,0,150,8,0
321,0,18.08,0.375,0,1,2,2,10.0,0,0,0,1,2,300,0,0
322,0,33.67,0.375,1,0,2,7,0.375,0,0,0,0,0,300,44,0
323,1,48.58,0.205,2,2,8,7,0.25,1,1,11,0,0,380,2732,0
324,1,33.67,1.25,1,0,12,7,1.165,0,0,0,0,0,120,0,1
325,0,29.5,1.085,2,2,13,7,1.0,0,0,0,0,0,280,13,1
326,1,30.17,1.085,2,2,1,7,0.04,0,0,0,0,0,170,179,1
327,1,40.83,3.5,1,0,6,0,0.5,0,0,0,0,2,1160,0,1
328,1,34.83,2.5,2,2,12,7,3.0,0,0,0,0,2,200,0,1
329,1,22.67,4.0,2,2,6,7,0.085,0,0,0,1,0,411,0,1
331,0,33.25,2.5,2,2,1,7,2.5,0,0,0,1,0,0,2,1
332,1,34.08,2.5,1,0,1,7,1.0,0,0,0,0,0,460,16,1
333,0,25.25,12.5,1,0,3,7,1.0,0,0,0,1,0,180,1062,1
334,1,34.75,2.5,1,0,2,0,0.5,0,0,0,0,0,348,0,1
335,1,27.67,0.75,1,0,10,3,0.165,0,0,0,1,0,220,251,1
336,1,47.33,6.5,1,0,1,7,1.0,0,0,0,1,0,0,228,1
337,0,34.83,1.25,2,2,6,3,0.5,0,0,0,1,0,160,0,1
338,0,33.25,3.0,2,2,0,7,2.0,0,0,0,0,0,180,0,1
339,1,28.0,3.0,1,0,12,7,0.75,0,0,0,1,0,300,67,1
340,0,39.08,4.0,1,0,1,7,3.0,0,0,0,0,0,480,0,1
341,1,42.75,4.085,1,0,0,7,0.04,0,0,0,0,0,108,100,1
342,1,26.92,2.25,1,0,6,0,0.5,0,0,0,1,0,640,4000,1
343,1,33.75,2.75,1,0,6,0,0.0,0,0,0,0,0,180,0,1
344,1,38.92,1.75,1,0,8,7,0.5,0,0,0,1,0,300,2,1
345,1,62.75,7.0,1,0,4,8,0.0,0,0,0,0,0,0,12,1
346,1,32.25,1.5,1,0,1,7,0.25,0,0,0,1,0,372,122,1
347,1,26.75,4.5,2,2,1,0,2.5,0,0,0,0,0,200,1210,1
348,1,63.33,0.54,1,0,1,7,0.585,1,1,3,1,0,180,0,1
349,1,27.83,1.5,1,0,12,7,2.25,0,1,1,1,0,100,3,1
350,0,26.17,2.0,1,0,7,4,0.0,0,0,0,1,0,276,1,1
351,1,22.17,0.585,2,2,5,2,0.0,0,0,0,0,0,100,0,1
352,1,22.5,11.5,2,2,9,7,1.5,0,0,0,1,0,0,4000,1
353,1,30.75,1.585,1,0,3,7,0.585,0,0,0,1,2,0,0,1
354,1,36.67,2.0,1,0,6,7,0.25,0,0,0,1,0,221,0,1
355,0,16.0,0.165,1,0,0,7,1.0,0,1,2,1,0,320,1,1
356,1,41.17,1.335,1,0,3,7,0.165,0,0,0,0,0,168,0,1
357,0,19.5,0.165,1,0,10,7,0.04,0,0,0,1,0,380,0,1
358,1,32.42,3.0,1,0,3,7,0.165,0,0,0,1,0,120,0,1
359,0,36.75,4.71,1,0,5,2,0.0,0,0,0,0,0,160,0,1
360,0,30.25,5.5,1,0,8,7,5.5,0,0,0,1,2,100,0,1
361,1,23.08,2.5,1,0,5,2,0.085,0,0,0,1,0,100,4208,1
362,1,26.83,0.54,1,0,8,2,0.0,0,0,0,0,0,100,0,1
363,1,16.92,0.335,2,2,8,7,0.29,0,0,0,0,2,200,0,1
364,1,24.42,2.0,1,0,4,1,0.165,0,1,2,0,0,320,1300,1
365,1,42.83,1.25,1,0,9,7,13.875,0,1,1,1,0,352,112,1
366,0,22.75,6.165,1,0,0,7,0.165,0,0,0,0,0,220,1000,1
367,1,39.42,1.71,2,2,9,7,0.165,0,0,0,0,2,400,0,1
368,0,23.58,11.5,2,2,8,3,3.0,0,0,0,1,0,20,16,1
369,1,21.42,0.75,2,2,11,5,0.75,0,0,0,1,0,132,2,1
370,1,33.0,2.5,2,2,12,7,7.0,0,0,0,1,0,280,0,1
371,1,26.33,13.0,1,0,4,1,0.0,0,0,0,1,0,140,1110,1
372,0,45.0,4.585,1,0,8,3,1.0,0,0,0,1,2,240,0,1
373,1,26.25,1.54,1,0,12,7,0.125,0,0,0,0,0,100,0,1
374,1,28.17,0.585,1,0,0,7,0.04,0,0,0,0,0,260,1004,1
375,0,20.83,0.5,2,2,4,1,1.0,0,0,0,0,0,260,0,1
376,1,28.67,14.5,1,0,3,7,0.125,0,0,0,0,0,0,286,1
377,1,20.67,0.835,2,2,1,7,2.0,0,0,0,1,2,240,0,1
378,1,34.42,1.335,1,0,6,0,0.125,0,0,0,1,0,440,4500,1
379,1,33.58,0.25,1,0,6,0,4.0,0,0,0,1,2,420,0,1
380,1,43.17,5.0,1,0,6,0,2.25,0,0,0,1,0,141,0,1
381,0,22.67,7.0,1,0,1,7,0.165,0,0,0,0,0,160,0,1
382,0,24.33,2.5,2,2,6,0,4.5,0,0,0,0,0,200,456,1
383,0,56.83,4.25,2,2,5,2,5.0,0,0,0,1,0,0,4,1
384,1,22.08,11.46,1,0,8,7,1.585,0,0,0,1,0,100,1212,1
385,1,34.0,5.5,2,2,1,7,1.5,0,0,0,1,0,60,0,1
386,1,22.58,1.5,2,2,0,7,0.54,0,0,0,1,0,120,67,1
387,1,21.17,0.0,1,0,1,7,0.5,0,0,0,1,2,0,0,1
388,1,26.67,14.585,1,0,6,0,0.0,0,0,0,1,0,178,0,1
389,1,22.92,0.17,1,0,9,7,0.085,0,0,0,0,2,0,0,1
390,1,15.17,7.0,1,0,4,7,1.0,0,0,0,0,0,600,0,1
391,1,39.92,5.0,1,0,6,0,0.21,0,0,0,0,0,550,0,1
392,1,27.42,12.5,1,0,0,0,0.25,0,0,0,1,0,720,0,1
393,1,24.75,0.54,1,0,9,7,1.0,0,0,0,1,0,120,1,1
394,1,41.17,1.25,2,2,12,7,0.25,0,0,0,0,0,0,195,1
395,0,33.08,1.625,1,0,3,7,0.54,0,0,0,1,0,0,0,1
396,1,29.83,2.04,2,2,13,3,0.04,0,0,0,0,0,128,1,1
397,0,23.58,0.585,2,2,5,2,0.125,0,0,0,0,0,120,87,1
398,1,26.17,12.5,2,2,8,3,1.25,0,0,0,1,0,0,17,1
399,1,31.0,2.085,1,0,1,7,0.085,0,0,0,0,0,300,0,1
400,1,20.75,5.085,2,2,7,7,0.29,0,0,0,0,0,140,184,1
401,1,28.92,0.375,1,0,1,7,0.29,0,0,0,0,0,220,140,1
402,0,51.92,6.5,1,0,6,0,3.085,0,0,0,1,0,73,0,1
403,0,22.67,0.335,1,0,10,7,0.75,0,0,0,0,2,160,0,1
404,1,34.0,5.085,2,2,6,0,1.085,0,0,0,1,0,480,0,1
405,0,69.5,6.0,1,0,5,2,0.0,0,0,0,0,2,0,0,1
406,0,40.33,8.125,2,2,8,7,0.165,0,1,2,0,0,0,18,1
407,0,19.58,0.665,2,2,1,7,1.0,0,1,1,0,0,2000,2,1
408,1,16.0,3.125,1,0,12,7,0.085,0,1,1,0,0,0,6,1
409,1,17.08,0.25,1,0,10,7,0.335,0,1,4,0,0,160,8,1
410,1,31.25,2.835,1,0,5,2,0.0,0,1,5,0,0,176,146,1
411,1,25.17,3.0,1,0,1,7,1.25,0,1,1,0,0,0,22,1
412,0,22.67,0.79,1,0,6,7,0.085,0,0,0,0,0,144,0,1
413,1,40.58,1.5,1,0,6,0,0.0,0,0,0,0,2,300,0,1
414,1,22.25,0.46,1,0,8,7,0.125,0,0,0,1,0,280,55,1
415,0,22.25,1.25,2,2,5,2,3.25,0,0,0,0,0,280,0,1
416,1,22.5,0.125,2,2,8,7,0.125,0,0,0,0,0,200,70,1
417,1,23.58,1.79,1,0,1,7,0.54,0,0,0,1,0,136,1,1
418,1,38.42,0.705,1,0,1,7,0.375,0,1,2,0,0,225,500,1
419,0,26.58,2.54,2,2,5,2,0.0,0,0,0,1,0,180,60,1
420,1,35.0,2.5,1,0,6,7,1.0,0,0,0,1,0,210,0,1
421,1,20.42,1.085,1,0,10,7,1.5,0,0,0,0,0,108,7,1
422,1,29.42,1.25,1,0,12,7,1.75,0,0,0,0,0,200,0,1
423,1,26.17,0.835,1,0,2,7,1.165,0,0,0,0,0,100,0,1
424,1,33.67,2.165,1,0,1,7,1.5,0,0,0,0,1,120,0,1
425,1,24.58,1.25,1,0,1,7,0.25,0,0,0,0,0,110,0,1
426,0,27.67,2.04,1,0,12,7,0.25,0,0,0,1,0,180,50,1
427,1,37.5,0.835,1,0,4,7,0.04,0,0,0,0,0,120,5,1
428,1,49.17,2.29,1,0,5,2,0.29,0,0,0,0,0,200,3,1
429,1,33.58,0.335,2,2,2,7,0.085,0,0,0,0,0,180,0,1
430,1,51.83,3.0,2,2,5,2,1.5,0,0,0,0,0,180,4,1
431,1,22.92,3.165,2,2,1,7,0.165,0,0,0,0,0,160,1058,1
432,1,21.83,1.54,1,0,8,7,0.085,0,0,0,1,0,356,0,1
433,1,25.25,1.0,1,0,0,7,0.5,0,0,0,0,0,200,0,1
434,1,58.58,2.71,1,0,1,7,2.415,0,0,0,1,0,320,0,1
435,1,19.0,0.0,2,2,5,2,0.0,0,1,4,0,0,45,1,1
436,1,19.58,0.585,1,0,5,2,0.0,0,1,3,0,0,350,769,1
437,0,53.33,0.165,1,0,5,2,0.0,0,0,0,1,2,62,27,1
438,0,27.17,1.25,1,0,5,2,0.0,0,1,1,0,0,92,300,1
439,1,25.92,0.875,1,0,8,7,0.375,0,1,2,1,0,174,3,1
440,1,23.08,0.0,1,0,8,7,1.0,0,1,11,0,2,0,0,1
441,1,39.58,5.0,1,0,5,2,0.0,0,1,2,0,0,17,1,1
442,1,30.58,2.71,2,2,9,7,0.125,0,0,0,1,2,80,0,1
443,1,17.25,3.0,1,0,8,7,0.04,0,0,0,1,0,160,40,1
444,0,17.67,0.0,2,2,7,2,0.0,0,0,0,0,0,86,0,1
446,1,16.5,0.125,1,0,1,7,0.165,0,0,0,0,0,132,0,1
447,0,27.33,1.665,1,0,5,2,0.0,0,0,0,0,0,340,1,1
448,1,31.25,1.125,1,0,5,2,0.0,0,1,1,0,0,96,19,1
449,1,20.0,7.0,1,0,1,7,0.5,0,0,0,0,0,0,0,1
450,1,22.67,3.0,2,2,6,0,7.0,0,0,0,0,0,0,1,1
451,1,39.5,1.625,1,0,1,7,1.5,0,0,0,0,0,0,316,1
452,1,36.5,4.25,1,0,10,7,3.5,0,0,0,0,0,454,50,1
453,1,29.75,0.665,1,0,12,7,0.25,0,0,0,1,0,300,0,1
454,1,52.42,1.5,1,0,3,7,3.75,0,0,0,1,0,0,350,1
455,1,36.17,18.125,1,0,12,7,0.085,0,0,0,0,0,320,3552,1
457,1,29.67,0.75,2,2,1,7,0.04,0,0,0,0,0,240,0,1
458,1,36.17,5.5,1,0,6,0,5.0,0,0,0,0,0,210,687,1
459,1,25.67,0.29,2,2,1,7,1.5,0,0,0,1,0,160,0,1
460,0,24.5,2.415,2,2,1,7,0.0,0,0,0,0,0,120,0,1
461,1,24.08,0.875,1,0,9,7,0.085,0,1,4,0,0,254,1950,1
462,1,21.92,0.5,1,0,1,7,0.125,0,0,0,0,0,360,0,1
463,0,36.58,0.29,1,0,5,2,0.0,0,1,10,0,0,200,18,1
464,0,23.0,1.835,1,0,7,4,0.0,0,1,1,0,0,200,53,1
465,0,27.58,3.0,1,0,9,7,2.79,0,1,1,1,0,280,10,1
466,1,31.08,3.085,1,0,1,7,2.5,0,1,2,1,0,160,41,1
467,0,30.42,1.375,1,0,12,3,0.04,0,1,3,0,0,0,33,1
468,1,22.08,2.335,1,0,8,7,0.75,0,0,0,0,0,180,0,1
469,1,16.33,4.085,1,0,6,3,0.415,0,0,0,1,0,120,0,1
470,0,21.92,11.665,1,0,8,3,0.085,0,0,0,0,0,320,5,1
471,1,21.08,4.125,2,2,6,3,0.04,0,0,0,0,0,140,100,1
472,1,17.42,6.5,1,0,6,7,0.125,0,0,0,0,0,60,100,1
473,1,19.17,4.0,2,2,6,7,1.0,0,0,0,1,0,360,1000,1
474,1,20.67,0.415,1,0,1,7,0.125,0,0,0,0,0,0,44,1
475,1,26.75,2.0,1,0,3,7,0.75,0,0,0,1,0,80,0,1
476,1,23.58,0.835,1,0,6,3,0.085,0,0,0,1,0,220,5,1
477,1,39.17,2.5,2,2,6,3,10.0,0,0,0,1,2,200,0,1
478,1,22.75,11.5,1,0,6,7,0.415,0,0,0,0,0,0,0,1
480,0,16.92,0.5,1,0,6,7,0.165,0,1,6,1,0,240,35,1
481,1,23.5,3.165,2,2,8,7,0.415,0,1,1,1,0,280,80,1
482,0,17.33,9.5,1,0,0,7,1.75,0,1,10,1,0,0,10,1
483,1,23.75,0.415,2,2,1,7,0.04,0,1,2,0,0,128,6,1
484,1,34.67,1.08,1,0,9,7,1.165,0,0,0,0,2,28,0,1
485,1,74.83,19.0,2,2,5,2,0.04,0,1,2,0,0,0,351,1
486,1,28.17,0.125,2,2,8,7,0.085,0,0,0,0,0,216,2100,1
487,1,24.5,13.335,2,2,0,7,0.04,0,0,0,1,0,120,475,1
488,1,18.83,3.54,2,2,5,2,0.0,0,0,0,1,0,180,1,1
489,1,45.33,1.0,1,0,10,7,0.125,0,0,0,1,0,263,0,1
490,0,47.25,0.75,1,0,10,3,2.75,1,1,1,0,0,333,892,0
491,1,24.17,0.875,1,0,10,7,4.625,1,1,2,1,0,520,2000,0
492,1,39.25,9.5,1,0,9,7,6.5,1,1,14,0,0,240,4607,0
493,0,20.5,11.835,1,0,1,3,6.0,1,0,0,0,0,340,0,0
494,0,18.83,4.415,2,2,1,3,3.0,1,0,0,0,0,240,0,0
495,1,19.17,9.5,1,0,12,7,1.5,1,0,0,0,0,120,2206,0
496,0,25.0,0.875,1,0,13,3,1.04,1,0,0,1,0,160,5860,0
497,1,20.17,9.25,1,0,1,7,1.665,1,1,3,1,0,40,28,0
498,1,25.75,0.5,1,0,1,7,1.46,1,1,5,1,0,312,0,0
499,1,20.42,7.0,1,0,1,7,1.625,1,1,3,0,0,200,1391,0
500,1,22.67,4.0,1,0,13,7,5.0,1,1,3,1,0,290,2279,0
501,1,39.0,5.0,1,0,2,7,3.5,1,1,10,1,0,0,0,0
502,0,64.08,0.165,1,0,5,2,0.0,1,1,1,0,0,232,100,0
503,1,28.25,5.125,1,0,13,7,4.75,1,1,2,0,0,420,7,0
504,0,28.75,3.75,1,0,1,7,1.085,1,1,1,1,0,371,0,0
505,1,31.33,19.5,1,0,1,7,7.0,1,1,16,0,0,0,5000,0
506,0,18.92,9.0,1,0,0,7,0.75,1,1,2,0,0,88,591,0
507,0,24.75,3.0,1,0,10,3,1.835,1,1,19,0,0,0,500,0
508,0,30.67,12.0,1,0,1,7,2.0,1,1,1,0,0,220,19,0
509,1,21.0,4.79,2,2,12,7,2.25,1,1,1,1,0,80,300,0
510,1,13.75,4.0,2,2,12,7,1.75,1,1,2,1,0,120,1000,0
511,0,46.0,4.0,1,0,7,4,0.0,1,0,0,0,0,100,960,0
512,0,44.33,0.0,1,0,1,7,2.5,1,0,0,0,0,0,0,0
513,1,20.25,9.96,1,0,4,1,0.0,1,0,0,0,0,0,0,0
514,1,22.67,2.54,2,2,1,3,2.585,1,0,0,0,0,0,0,0
515,1,22.67,10.5,1,0,13,7,6.5,1,0,0,0,0,0,0,0
516,0,60.92,5.0,1,0,0,7,4.0,1,1,4,0,0,0,99,0
517,1,16.08,0.75,1,0,1,7,1.75,1,1,5,1,0,352,690,0
518,0,28.17,0.375,1,0,10,7,0.585,1,1,4,0,0,80,0,0
519,1,39.17,1.71,1,0,13,7,0.125,1,1,5,1,0,480,0,0
520,1,20.42,7.5,1,0,8,7,1.5,1,1,1,0,0,160,234,0
521,0,30.0,5.29,1,0,4,1,2.25,1,1,5,1,0,99,500,0
522,1,22.83,3.0,1,0,9,7,1.29,1,1,1,0,0,260,800,0
523,0,22.5,8.5,1,0,10,7,1.75,1,1,10,0,0,80,990,1
524,0,28.58,1.665,1,0,10,7,2.415,1,0,0,1,0,440,0,1
525,1,45.17,1.5,1,0,1,7,2.5,1,0,0,1,0,140,0,1
526,1,41.58,1.75,1,0,8,7,0.21,1,0,0,0,0,160,0,1
527,0,57.08,0.335,1,0,6,0,1.0,1,0,0,1,0,252,2197,1
528,0,55.75,7.08,1,0,8,3,6.75,1,1,3,1,0,100,50,1
529,1,43.25,25.21,1,0,10,3,0.21,1,1,1,0,0,760,90,1
530,0,25.33,2.085,1,0,1,3,2.75,1,0,0,1,0,360,1,1
531,0,24.58,0.67,1,0,0,3,1.75,1,0,0,0,0,400,0,1
532,1,43.17,2.25,1,0,6,0,0.75,1,0,0,0,0,560,0,1
533,1,40.92,0.835,1,0,5,2,0.0,1,0,0,0,0,130,1,1
534,1,31.83,2.5,1,0,0,7,7.5,1,0,0,1,0,523,0,1
535,0,33.92,1.585,2,2,5,2,0.0,1,0,0,0,0,320,0,1
536,0,24.92,1.25,1,0,5,2,0.0,1,0,0,0,0,80,0,1
537,1,35.25,3.165,1,0,13,3,3.75,1,0,0,1,0,680,0,1
538,1,34.25,1.75,1,0,12,0,0.25,1,0,0,1,0,163,0,1
540,1,19.42,1.5,2,2,2,7,2.0,1,0,0,1,0,100,20,1
541,1,42.75,3.0,1,0,6,0,1.0,1,0,0,0,0,0,200,1
542,1,19.67,10.0,2,2,8,3,0.835,1,0,0,1,0,140,0,1
543,1,36.33,3.79,1,0,12,7,1.165,1,0,0,1,0,200,0,1
544,1,30.08,1.04,2,2,6,0,0.5,1,1,10,1,0,132,28,1
545,1,44.25,11.0,2,2,3,7,1.5,1,0,0,0,2,0,0,1
546,1,23.58,0.46,2,2,12,7,2.625,1,1,6,1,0,208,347,1
547,1,23.92,1.5,1,0,3,3,1.875,1,1,6,0,0,200,327,0
548,1,33.17,1.0,1,0,13,7,0.75,1,1,7,1,0,340,4071,0
549,1,48.33,12.0,1,0,9,7,16.0,1,0,0,0,2,110,0,0
550,1,76.75,22.29,1,0,4,8,12.75,1,1,1,1,0,0,109,0
551,1,51.33,10.0,1,0,6,0,0.0,1,1,11,0,0,0,1249,0
552,1,34.75,15.0,1,0,11,5,5.375,1,1,9,1,0,0,134,0
553,1,38.58,3.335,1,0,12,7,4.0,1,1,14,0,0,383,1344,0
554,0,22.42,11.25,2,2,13,3,0.75,1,1,4,0,0,0,321,0
555,1,41.92,0.42,1,0,1,3,0.21,1,1,6,0,0,220,948,0
556,1,29.58,4.5,1,0,12,7,7.5,1,1,2,1,0,330,0,0
557,0,32.17,1.46,1,0,12,7,1.085,1,1,16,0,0,120,2079,0
558,1,51.42,0.04,1,0,13,3,0.04,1,0,0,0,0,0,3000,0
559,0,22.83,2.29,1,0,10,3,2.29,1,1,7,1,0,140,2384,0
560,0,25.0,12.33,1,0,2,3,3.5,1,1,6,0,0,400,458,0
561,1,26.75,1.125,1,0,13,3,1.25,1,0,0,0,0,0,5298,0
562,1,23.33,1.5,1,0,1,3,1.415,1,0,0,0,0,422,200,0
563,1,24.42,12.335,1,0,10,3,1.585,1,0,0,1,0,120,0,0
564,1,42.17,5.04,1,0,10,3,12.75,1,0,0,1,0,92,0,0
565,0,20.83,3.0,1,0,0,7,0.04,1,0,0,0,0,100,0,0
566,1,23.08,11.5,1,0,12,3,2.125,1,1,11,1,0,290,284,0
567,0,25.17,2.875,1,0,13,3,0.875,1,0,0,0,0,360,0,0
568,1,43.08,0.375,2,2,1,7,0.375,1,1,8,1,0,300,162,0
569,0,35.75,0.915,1,0,0,7,0.75,1,1,4,0,0,0,1583,0
570,1,59.5,2.75,1,0,12,7,1.75,1,1,5,1,0,60,58,0
571,1,21.0,3.0,2,2,3,7,1.085,1,1,8,1,0,160,1,0
572,1,21.92,0.54,2,2,13,7,0.04,1,1,1,1,0,840,59,0
573,0,65.17,14.0,1,0,5,2,0.0,1,1,11,1,0,0,1400,0
574,0,20.33,10.0,1,0,1,3,1.0,1,1,4,0,0,50,1465,0
575,1,32.25,0.165,2,2,1,3,3.25,1,1,1,1,0,432,8000,0
576,1,30.17,0.5,1,0,1,7,1.75,1,1,11,0,0,32,540,0
577,1,25.17,6.0,1,0,1,7,1.0,1,1,3,0,0,0,0,0
578,1,39.17,1.625,1,0,1,7,1.5,1,1,10,0,0,186,4700,0
579,1,39.08,6.0,1,0,9,7,1.29,1,1,5,1,0,108,1097,0
580,1,31.67,0.83,1,0,13,7,1.335,1,1,8,1,0,303,3290,0
581,1,41.0,0.04,1,0,4,7,0.04,0,1,1,0,2,560,0,0
582,1,48.5,4.25,1,0,9,7,0.125,1,0,0,1,0,225,0,0
583,1,32.67,9.0,2,2,12,3,5.25,1,0,0,1,0,154,0,0
584,0,28.08,15.0,2,2,4,8,0.0,1,0,0,0,0,0,13212,0
585,1,73.42,17.75,1,0,5,2,0.0,1,0,0,1,0,0,0,0
586,1,64.08,20.0,1,0,13,3,17.5,1,1,9,1,0,0,1000,0
587,1,51.58,15.0,1,0,1,7,8.5,1,1,9,0,0,0,0,0
588,1,26.67,1.75,2,2,1,7,1.0,1,1,5,1,0,160,5777,0
589,1,25.33,0.58,1,0,1,7,0.29,1,1,7,1,0,96,5124,0
590,1,30.17,6.5,1,0,2,7,3.125,1,1,8,0,0,330,1200,0
591,1,27.0,0.75,1,0,1,3,4.25,1,1,3,1,0,312,150,0
593,1,34.17,5.25,1,0,12,7,0.085,0,0,0,1,0,290,6,0
594,1,38.67,0.21,1,0,8,7,0.085,1,0,0,1,0,280,0,0
595,1,25.75,0.75,1,0,1,0,0.25,1,0,0,0,0,349,23,0
596,0,46.08,3.0,1,0,1,7,2.375,1,1,8,1,0,396,4159,0
597,0,21.5,6.0,1,0,0,7,2.5,1,1,3,0,0,80,918,0
598,1,20.08,0.125,1,0,10,7,1.0,0,1,1,0,0,240,768,0
599,1,20.5,2.415,1,0,1,7,2.0,1,1,11,1,0,200,3000,0
600,0,29.5,0.46,1,0,8,7,0.54,1,1,4,0,0,380,500,0
602,1,29.83,1.25,2,2,8,7,0.25,0,0,0,0,0,224,0,1
603,1,20.08,0.25,1,0,10,7,0.125,0,0,0,0,0,200,0,1
604,1,23.42,0.585,1,0,1,3,0.085,1,0,0,0,0,180,0,1
605,0,29.58,1.75,2,2,8,7,1.25,0,0,0,1,0,280,0,1
606,1,16.17,0.04,1,0,1,7,0.04,0,0,0,0,0,0,0,0
607,1,32.33,3.5,1,0,8,7,0.5,0,0,0,1,0,232,0,1
608,1,22.67,0.04,2,2,3,7,4.25,0,0,0,1,0,460,0,1
609,1,47.83,4.165,1,0,13,0,0.085,0,0,0,1,0,520,0,1
610,1,20.0,1.25,2,2,8,7,0.125,0,0,0,0,0,140,4,1
611,1,27.58,3.25,2,2,10,3,5.085,0,1,2,1,0,369,1,1
612,1,22.0,0.79,1,0,12,7,0.29,0,1,1,0,0,420,283,1
613,1,19.33,10.915,1,0,1,0,0.585,0,1,2,1,0,200,7,1
614,0,38.33,4.415,1,0,1,7,0.125,0,0,0,0,0,160,0,1
615,1,29.42,1.25,1,0,1,3,0.25,0,1,2,1,0,400,108,1
616,1,22.67,0.75,1,0,6,7,1.585,0,1,1,1,0,400,9,1
617,1,32.25,14.0,2,2,5,2,0.0,0,1,2,0,0,160,1,1
618,1,29.58,4.75,1,0,9,7,2.0,0,1,1,1,0,460,68,1
619,1,18.42,10.415,2,2,0,7,0.125,1,0,0,0,0,120,375,1
620,1,22.17,2.25,1,0,6,7,0.125,0,0,0,0,0,160,10,1
621,1,22.67,0.165,1,0,1,4,2.25,0,0,0,1,2,0,0,0
623,1,18.83,0.0,1,0,10,7,0.665,0,0,0,0,0,160,1,1
624,1,21.58,0.79,2,2,2,7,0.665,0,0,0,0,0,160,0,1
625,1,23.75,12.0,1,0,1,7,2.085,0,0,0,0,2,80,0,1
626,1,22.0,7.835,2,2,6,0,0.165,0,0,0,1,0,0,0,1
627,1,36.08,2.54,1,0,5,2,0.0,0,0,0,0,0,0,1000,1
628,1,29.25,13.0,1,0,3,3,0.5,0,0,0,0,0,228,0,1
629,0,19.58,0.665,1,0,12,7,1.665,0,0,0,0,0,220,5,1
630,0,22.92,1.25,1,0,10,7,0.25,0,0,0,1,0,120,809,1
631,0,27.25,0.29,1,0,9,3,0.125,0,1,1,1,0,272,108,1
632,0,38.75,1.5,1,0,5,2,0.0,0,0,0,0,0,76,0,1
633,1,32.42,2.165,2,2,8,2,0.0,0,0,0,0,0,120,0,1
634,0,23.75,0.71,1,0,12,7,0.25,0,1,1,1,0,240,4,1
635,1,18.17,2.46,1,0,1,5,0.96,0,1,2,1,0,160,587,1
636,1,40.92,0.5,2,2,9,7,0.5,0,0,0,1,0,130,0,1
637,1,19.5,9.585,1,0,0,7,0.79,0,0,0,0,0,80,350,1
638,1,28.58,3.625,1,0,0,7,0.25,0,0,0,1,0,100,0,1
639,1,35.58,0.75,1,0,8,7,1.5,0,0,0,1,0,231,0,1
640,1,34.17,2.75,1,0,6,0,2.5,0,0,0,1,0,232,200,1
641,1,33.17,2.25,2,2,2,7,3.5,0,0,0,1,0,200,141,1
642,1,31.58,0.75,2,2,0,7,3.5,0,0,0,1,0,320,0,1
643,0,52.5,7.0,1,0,0,3,3.0,0,0,0,0,0,0,0,1
644,1,36.17,0.42,2,2,12,7,0.29,0,0,0,1,0,309,2,1
645,1,37.33,2.665,1,0,2,7,0.165,0,0,0,1,0,0,501,1
646,0,20.83,8.5,1,0,1,7,0.165,0,0,0,0,0,0,351,1
647,1,24.08,9.0,1,0,0,7,0.25,0,0,0,1,0,0,0,1
648,1,25.58,0.335,1,0,8,3,3.5,0,0,0,1,0,340,0,1
649,0,35.17,3.75,1,0,5,2,0.0,0,1,6,0,0,0,200,1
650,1,48.08,3.75,1,0,6,0,1.0,0,0,0,0,0,100,2,1
651,0,15.83,7.625,1,0,10,7,0.125,0,1,1,1,0,0,160,1
652,0,22.5,0.415,1,0,6,7,0.335,0,0,0,1,2,144,0,1
653,1,21.5,11.5,1,0,6,7,0.5,1,0,0,1,0,100,68,1
654,0,23.58,0.83,1,0,10,7,0.415,0,1,1,1,0,200,11,1
655,0,21.08,5.0,2,2,5,2,0.0,0,0,0,0,0,0,0,1
656,1,25.67,3.25,1,0,1,3,2.29,0,1,1,1,0,416,21,1
657,0,38.92,1.665,1,0,0,7,0.25,0,0,0,0,0,0,390,1
658,0,15.75,0.375,1,0,1,7,1.0,0,0,0,0,0,120,18,1
659,0,28.58,3.75,1,0,1,7,0.25,0,1,1,1,0,40,154,1
660,1,22.25,9.0,1,0,0,7,0.085,0,0,0,0,0,0,0,1
661,1,29.83,3.5,1,0,1,7,0.165,0,0,0,0,0,216,0,1
662,0,23.5,1.5,1,0,12,7,0.875,0,0,0,1,0,160,0,1
663,1,32.08,4.0,2,2,2,7,1.5,0,0,0,1,0,120,0,1
664,1,31.08,1.5,2,2,12,7,0.04,0,0,0,0,2,160,0,1
665,1,31.83,0.04,2,2,9,7,0.04,0,0,0,0,0,0,0,1
666,0,21.75,11.75,1,0,1,7,0.25,0,0,0,1,0,180,0,1
667,0,17.92,0.54,1,0,1,7,1.75,0,1,1,1,0,80,5,1
668,1,30.33,0.5,1,0,3,3,0.085,0,0,0,1,2,252,0,1
669,1,51.83,2.04,2,2,5,2,1.5,0,0,0,0,0,120,1,1
670,1,47.17,5.835,1,0,12,7,5.5,0,0,0,0,0,465,150,1
671,1,25.83,12.835,1,0,2,7,0.5,0,0,0,0,0,0,2,1
672,0,50.25,0.835,1,0,0,7,0.5,0,0,0,1,0,240,117,1
673,1,29.5,2.0,2,2,4,3,2.0,0,0,0,0,0,256,17,1
674,0,37.33,2.5,1,0,6,3,0.21,0,0,0,0,0,260,246,1
675,0,41.58,1.04,1,0,0,7,0.665,0,0,0,0,0,240,237,1
676,0,30.58,10.665,1,0,10,3,0.085,0,1,12,1,0,129,3,1
677,1,19.42,7.25,1,0,9,7,0.04,0,1,1,0,0,100,1,1
678,0,17.92,10.21,1,0,5,2,0.0,0,0,0,0,0,0,50,1
679,0,20.08,1.25,1,0,1,7,0.0,0,0,0,0,0,0,0,1
680,1,19.5,0.29,1,0,8,7,0.29,0,0,0,0,0,280,364,1
681,1,27.83,1.0,2,2,3,3,3.0,0,0,0,0,0,176,537,1
682,1,17.08,3.29,1,0,6,7,0.335,0,0,0,1,0,140,2,1
683,1,36.42,0.75,2,2,3,7,0.585,0,0,0,0,0,240,3,1
684,1,40.58,3.29,1,0,9,7,3.5,0,0,0,1,2,400,0,1
685,1,21.08,10.085,2,2,4,3,1.25,0,0,0,0,0,260,0,1
686,0,22.67,0.75,1,0,1,7,2.0,0,1,2,1,0,200,394,1
687,0,25.25,13.5,2,2,5,2,2.0,0,1,1,1,0,200,1,1
688,1,17.92,0.205,1,0,0,7,0.04,0,0,0,0,0,280,750,1
689,1,35.0,3.375,1,0,1,3,8.29,0,0,0,1,0,0,0,1
